date,region_id,fire_count,high_conf,total_frp
2026-10-04,soy_br_mt,3190,122,35036.8
2026-10-04,soy_br_pr,7,0,84.1
2026-10-04,soy_br_rs,215,22,1732.8
2026-10-04,soy_us_ia,12,0,7.8
2026-10-04,soy_us_il,213,1,642.4
2026-10-04,soy_us_mn,11,0,13.9
2026-10-04,soy_ar_ba,100,1,1620.9
2026-10-04,soy_ar_cb,72,2,1382.3
2026-10-04,soy_ar_sf,235,4,1368.2
2026-10-04,corn_us_ia,12,0,7.8
2026-10-04,corn_us_il,213,1,642.4
2026-10-04,corn_us_ne,13,0,12.7
2026-10-04,corn_cn_hlj,100,0,269.9
2026-10-04,corn_cn_jl,164,0,313.4
2026-10-04,corn_br_mt,3190,122,35036.8
2026-10-04,palm_id_riau,43,17,497.5
2026-10-04,palm_id_sumut,3,0,6.0
2026-10-04,palm_id_jambi,550,16,3911.8
2026-10-04,palm_id_sumsel,4900,180,45746.5
2026-10-04,palm_id_kalbar,748,33,10887.3
2026-10-04,palm_id_kalteng,9844,270,71343.7
2026-10-04,palm_id_kaltim,1910,75,15363.1
2026-10-04,palm_my_peninsula,54,0,179.4
2026-10-04,palm_my_sabah,508,19,4420.5
2026-10-04,rubber_th_south,5,0,14.1
2026-10-04,rubber_th_ne,56,0,222.2
2026-10-04,rubber_id_sumsel,4900,180,45746.5
2026-10-04,rubber_id_jambi,550,16,3911.8
2026-10-04,rubber_id_riau,43,17,497.5
2026-10-04,rubber_id_sumut,3,0,6.0
2026-10-04,sugar_br_sp,149,0,852.2
2026-10-04,sugar_in_mh,57,0,146.4
2026-10-04,sugar_in_up,116,0,298.2
2026-10-04,cotton_us_tx_high,71,0,200.1
2026-10-04,cotton_us_tx_south,27,0,91.2
2026-10-04,cotton_cn_xj_south,56,0,69.0
2026-10-04,cotton_cn_xj_north,71,0,80.2
2026-10-04,cotton_in_gj,113,4,478.8
2026-10-04,cotton_br_ba,3179,281,74091.8
2026-10-05,soy_br_mt,2604,96,28708.8
2026-10-05,soy_br_pr,3,0,5.2
2026-10-05,soy_br_rs,211,22,1706.5
2026-10-05,soy_us_ia,21,0,25.2
2026-10-05,soy_us_il,296,1,710.9
2026-10-05,soy_us_mn,15,0,17.7
2026-10-05,soy_ar_ba,101,2,1658.7
2026-10-05,soy_ar_cb,54,2,1069.5
2026-10-05,soy_ar_sf,193,1,1135.7
2026-10-05,corn_us_ia,21,0,25.2
2026-10-05,corn_us_il,296,1,710.9
2026-10-05,corn_us_ne,14,0,13.1
2026-10-05,corn_cn_hlj,124,1,510.1
2026-10-05,corn_cn_jl,142,0,314.4
2026-10-05,corn_br_mt,2604,96,28708.8
2026-10-05,palm_id_riau,50,17,500.0
2026-10-05,palm_id_sumut,6,0,19.8
2026-10-05,palm_id_jambi,823,20,5911.7
2026-10-05,palm_id_sumsel,5303,191,46353.1
2026-10-05,palm_id_kalbar,564,17,8595.8
2026-10-05,palm_id_kalteng,11981,459,90915.0
2026-10-05,palm_id_kaltim,1681,62,13006.0
2026-10-05,palm_my_peninsula,74,0,235.7
2026-10-05,palm_my_sabah,346,16,2635.4
2026-10-05,rubber_th_south,6,0,22.0
2026-10-05,rubber_th_ne,53,0,209.1
2026-10-05,rubber_id_sumsel,5303,191,46353.1
2026-10-05,rubber_id_jambi,823,20,5911.7
2026-10-05,rubber_id_riau,50,17,500.0
2026-10-05,rubber_id_sumut,6,0,19.8
2026-10-05,sugar_br_sp,62,0,271.2
2026-10-05,sugar_in_mh,60,0,151.6
2026-10-05,sugar_in_up,115,0,299.0
2026-10-05,cotton_us_tx_high,76,0,194.2
2026-10-05,cotton_us_tx_south,23,0,86.4
2026-10-05,cotton_cn_xj_south,49,0,66.0
2026-10-05,cotton_cn_xj_north,63,0,72.2
2026-10-05,cotton_in_gj,113,4,452.9
2026-10-05,cotton_br_ba,2243,186,47266.7
